Word,Frequency
ai,1065
deepseek,949
say,597
model,569
u,458
company,410
chinese,406
china,344
tech,293
use,276
openai,237
chip,218
technology,198
data,189
app,188
also,186
new,175
make,171
market,170
chatgpt,160
government,153
one,153
nvidia,149
could,142
question,138
year,137
like,137
cost,136
trump,131
call,130
firm,130
industry,129
may,128
world,123
intelligence,122
startup,117
build,115
last,112
stock,112
monday,110
power,108
chatbot,108
much,107
would,107
google,107
take,107
people,107
lead,107
see,106
week,104
information,102
artificial,102
less,101
release,100
big,98
user,95
train,95
american,94
need,94
many,93
time,92
state,90
think,89
give,87
claim,87
include,87
ban,85
research,84
share,83
investor,83
come,82
newsletter,81
image,81
liang,81
free,79
country,78
launch,78
go,78
privacy,77
report,77
access,77
security,77
develop,77
tell,75
work,75
billion,75
ask,72
concern,72
get,72
answer,71
valley,70
silicon,70
store,70
fund,70
day,69
meta,68
first,68
write,68
well,68
large,68
around,67
global,67
month,67
fraction,67
policy,66
investment,65
service,65
export,65
national,65
two,64
response,64
even,64
late,63
compute,62
development,62
giant,62
top,62
advance,62
bn,61
accord,61
rival,61
mean,60
good,60
far,60
president,60
become,59
powerful,58
center,58
know,58
deepseeks,58
party,57
microsoft,56
way,56
version,54
reason,54
already,53
race,53
analyst,52
medium,52
show,52
system,52
news,52
january,52
add,52
money,51
donald,51
university,51
really,51
apple,50
create,50
moment,49
expert,49
value,48
product,48
ceo,48
control,48
sign,48
still,48
point,47
open,47
musk,47
performance,47
raise,47
computer,46
business,46
cheap,46
able,46
appear,45
whether,45
capability,45
online,45
thing,45
content,45
look,44
restriction,44
seem,43
sam,43
spend,43
lot,43
competitor,43
taiwan,43
device,42
software,42
help,42
try,42
united,42
million,42
since,42
platform,42
high,42
post,41
behind,41
view,41
term,41
past,41
altman,41
researcher,40
kevin,40
demand,40
another,40
future,40
breakthrough,39
outside,39
comment,39
might,39
beijing,39
resource,39
price,39
something,39
personal,39
download,39
tool,38
believe,38
south,38
america,38
provide,38
tiktok,37
impact,37
potential,37
remain,37
respond,37
send,36
result,36
contain,36
fear,36
advertisement,36
similar,36
however,36
wall,36
follow,36
shock,35
developer,35
talk,35
chatbots,35
executive,35
success,35
tuesday,35
dollar,35
end,34
energy,34
advanced,34
happen,34
street,34
language,34
without,34
find,34
process,34
risk,33
require,33
australia,33
plan,33
base,33
fact,33
leader,33
political,33
source,33
recent,33
long,33
want,33
possible,33
sector,33
human,32
founder,32
ad,32
challenge,32
offer,32
next,32
protect,32
support,32
wakeup,32
assistant,32
invest,32
opensource,31
keep,31
part,31
run,31
rise,31
law,31
info,30
low,30
innovation,30
put,30
hedge,30
technical,30
great,30
achieve,30
charity,30
announce,30
promotion,30
small,30
significant,30
uk,30
email,29
impressive,29
interview,29
house,29
roose,29
found,29
expect,29
despite,29
wenfeng,29
sputnik,29
public,29
available,29
llm,29
major,29
paper,28
describe,28
few,28
website,28
social,28
topic,28
change,27
task,27
gemini,27
approach,27
tiananmen,27
consider,27
official,27
number,27
start,27
problem,27
infrastructure,27
chief,27
sensitive,27
enter,27
best,27
earlier,27
issue,27
program,27
capital,26
quickly,26
compare,26
address,26
ability,26
across,26
compete,26
getty,26
bbc,26
produce,26
protection,26
generative,26
team,26
dominance,26
different,25
agency,25
white,25
among,25
training,25
suggest,25
right,25
weekly,25
administration,25
deliver,25
focus,25
word,25
history,25
per,25
maybe,25
learn,25
back,25
allow,25
close,25
operate,25
save,25
amount,25
although,24
square,24
panic,24
place,24
andreessen,24
korea,24
continue,24
lose,23
move,23
cause,23
wipe,23
application,23
technological,23
western,23
grow,23
huge,23
maker,23
within,23
real,23
percent,23
water,23
xi,23
least,23
second,22
engineer,22
turn,22
face,22
elon,22
guardian,22
play,22
venture,22
talent,22
rather,22
group,22
key,22
boom,22
drop,22
block,22
though,22
study,22
video,22
due,22
nearly,22
several,22
wang,22
set,22
trade,22
fell,22
apply,22
let,21
force,21
anthropic,21
gpt,21
highflyer,21
apps,21
marc,21
ago,21
cnn,21
current,21
emergence,21
particularly,21
semiconductor,21
almost,21
threat,21
request,21
former,21
code,21
yet,21
washington,21
biden,21
science,21
player,21
achievement,21
early,21
employee,20
begin,20
case,20
alibaba,20
else,20
index,20
announcement,20
hangzhou,20
others,20
increase,20
field,20
detail,20
general,20
tn,20
limit,20
selloff,20
wave,20
efficient,20
home,20
progress,20
communist,20
kitroeff,20
natalie,20
seek,20
fullscreen,20
saw,20
note,20
read,19
implication,19
actually,19
english,19
rule,19
test,19
mr,19
interest,19
chinas,19
scientist,19
financial,19
fall,19
pay,19
whose,19
international,19
budget,19
example,19
spending,19
review,19
project,19
do,19
professor,19
massive,19
capable,19
sale,18
alphabet,18
parent,18
profit,18
hold,18
internet,18
morning,18
enough,18
complex,18
consumer,18
web,18
clear,18
economic,18
name,18
meanwhile,18
community,18
immediately,18
photograph,18
engineering,18
ahead,18
bytedance,17
hundred,17
sport,17
cloud,17
return,17
order,17
lemon,17
baidu,17
kind,17
win,17
trading,17
hong,17
scale,17
strong,17
roughly,17
exist,17
exactly,17
drive,17
doubt,17
chart,17
estimate,17
generate,17
recently,17
openais,17
local,17
surprise,17
entrepreneur,17
likely,17
notice,17
thousand,16
ever,16
reportedly,16
distil,16
shift,16
event,16
cofounder,16
india,16
cite,16
refer,16
gain,16
match,16
cod,16
plunge,16
comparable,16
often,16
military,16
widely,16
private,16
hit,16
distillation,16
collect,16
story,16
blackwell,16
record,16
expensive,16
skip,15
city,15
popularity,15
jinping,15
department,15
life,15
hardware,15
design,15
recaptcha,15
gpus,15
economy,15
remove,15
censor,15
authority,15
method,15
commission,15
protest,15
caution,15
prevent,15
anyone,15
beyond,15
deepseekr,15
speak,15
single,15
customer,15
summit,15
push,15
prompt,15
february,15
deep,15
warn,15
arrival,15
important,15
publish,15
tumble,15
analysis,15
step,15
kong,15
cuttingedge,15
head,15
certain,15
assumption,14
digital,14
list,14
chat,14
live,14
buy,14
spark,14
photo,14
nation,14
cent,14
positive,14
feel,14
stargate,14
sudden,14
mark,14
game,14
supply,14
man,14
reveal,14
bot,14
programme,14
secretary,14
attempt,14
action,14
oracle,14
minister,14
young,14
outlet,14
strategy,14
thats,14
emerge,14
link,14
pull,14
subject,14
evidence,14
owner,13
server,13
leadership,13
along,13
certainly,13
previously,13
nasdaq,13
bet,13
charge,13
llama,13
competitive,13
december,13
decade,13
significantly,13
rapidly,13
pose,13
rapid,13
capitalist,13
search,13
especially,13
centre,13
effort,13
idea,13
dominate,13
whole,13
quality,13
dive,13
attack,13
italy,13
typically,13
restrict,13
popular,13
softbank,13
building,13
shape,13
temporarily,13
potentially,13
away,13
impose,12
book,12
every,12
decision,12
lunar,12
york,12
reflect,12
spread,12
bengio,12
safety,12
weight,12
predict,12
shake,12
highend,12
catch,12
true,12
upend,12
machine,12
school,12
holiday,12
efficiency,12
perhaps,12
faster,12
war,12
earnings,12
must,12
tank,12
enable,12
chipmaker,12
initially,12
half,12
instead,12
hail,12
innovate,12
hear,12
union,12
act,12
registration,12
loss,12
malicious,12
hype,12
senior,12
fast,12
prediction,12
break,12
tie,12
account,12
west,12
job,12
statement,12
wednesday,12
argue,12
attention,12
relatively,12
explain,12
comparison,12
al,12
threaten,12
handle,12
detailed,11
pattern,11
enormous,11
competition,11
everything,11
figure,11
capacity,11
techscape,11
reach,11
manage,11
cover,11
entity,11
australian,11
management,11
complete,11
supremacy,11
lowcost,11
never,11
narrative,11
obviously,11
little,11
improve,11
surge,11
surpass,11
speech,11
position,11
covid,11
corporate,11
acknowledge,11
unlike,11
lab,11
wonder,11
tencent,11
trillion,11
sp,11
particular,11
four,11
press,11
full,11
partnership,11
censorship,11
stay,11
level,11
associate,11
sure,11
apparently,11
creator,11
worry,11
graduate,11
stun,11
jazeera,11
dominant,10
today,10
prove,10
type,10
anything,10
nothing,10
car,10
regulator,10
europe,10
course,10
old,10
huang,10
par,10
experience,10
partner,10
line,10
demonstrate,10
£bn,10
affair,10
thought,10
rely,10
politically,10
space,10
bill,10
hospital,10
hard,10
thursday,10
lack,10
range,10
revolution,10
zhipu,10
conversation,10
opportunity,10
claude,10
amid,10
member,10
please,10
praise,10
closely,10
watch,10
benefit,10
fan,10
agent,10
equipment,10
instance,10
stop,10
feature,10
massacre,10
constraint,10
spent,10
korean,10
pressure,10
legal,10
carry,10
federal,10
benchmark,10
three,10
electricity,10
indication,10
reporter,10
person,10
everyone,10
perspective,10
yearold,10
archive,10
hand,10
valuation,10
deal,10
leave,10
growth,10
understand,10
replicate,9
nuclear,9
rush,9
browser,9
advancement,9
hop,9
bloomberg,9
production,9
graphic,9
always,9
june,9
perform,9
ministry,9
effect,9
investigate,9
heavily,9
form,9
air,9
accelerate,9
hero,9
query,9
activity,9
holly,9
previous,9
joe,9
smart,9
difficult,9
arm,9
dalai,9
lama,9
therefore,9
watchdog,9
education,9
simply,9
office,9
parameter,9
sanction,9
upon,9
host,9
laserfocused,9
experiment,9
technique,9
fail,9
status,9
european,9
weekend,9
downloads,9
via,9
solve,9
sack,9
decline,9
student,9
represent,9
expand,9
own,9
advantage,9
quite,9
david,9
zhang,9
serious,9
trained,9
knowledge,9
satellite,9
publicly,9
uncertainty,9
later,9
message,9
join,9
scene,9
wake,9
soviet,9
revenue,9
enterprise,9
limited,9
deane,9
familiar,9
rank,9
cast,9
creation,9
atlantic,9
text,9
ensure,9
california,9
landscape,8
forward,8
moonshot,8
amaze,8
unlimited,8
promise,8
eastern,8
document,8
culture,8
advice,8
measure,8
environment,8
third,8
guide,8
independent,8
sense,8
shockwaves,8
ren,8
side,8
zuckerberg,8
crackdown,8
largescale,8
necessary,8
navy,8
series,8
generation,8
echo,8
unit,8
suspend,8
cnbc,8
secure,8
establish,8
domestic,8
amazon,8
present,8
boost,8
bring,8
currently,8
slow,8
receive,8
plant,8
blow,8
island,8
battle,8
commit,8
picture,8
adviser,8
dispute,8
supplier,8
various,8
necessarily,8
yuan,8
couple,8
probably,8
cybersecurity,8
zhejiang,8
scrutiny,8
patent,8
tariff,8
frontier,8
skr,8
paris,8
hangzhoubased,8
either,8
highly,8
purpose,8
organisation,8
citizen,8
ultimately,8
entire,8
spur,8
debate,8
discuss,8
fuel,8
inauguration,8
tibet,8
bad,8
math,8
engine,8
processing,8
deploy,8
techheavy,8
seven,7
october,7
director,7
scientific,7
difference,7
weibo,7
sent,7
finance,7
alarm,7
necessity,7
substantial,7
profound,7
amodei,7
tesla,7
observer,7
erase,7
critical,7
plummet,7
accept,7
file,7
outperform,7
scope,7
headline,7
mathematics,7
americas,7
speed,7
condition,7
chipmakers,7
discussion,7
electric,7
declare,7
architecture,7
final,7
simple,7
edge,7
province,7
age,7
initiative,7
payment,7
modify,7
prominent,7
reaction,7
recognition,7
amazing,7
reality,7
accessible,7
medical,7
widespread,7
reduce,7
assist,7
unclear,7
attract,7
dont,7
argument,7
allege,7
possibility,7
easy,7
institute,7
double,7
miller,7
spot,7
cut,7
yeah,7
ccp,7
sovereign,7
page,7
complicate,7
michael,7
standard,7
longer,7
stand,7
inappropriately,7
propaganda,7
area,7
five,7
nadella,7
comply,7
unveil,7
combination,7
role,7
gap,7
sound,7
belief,7
board,7
ecosystem,7
meeting,7
economics,7
downloaded,7
bos,7
output,7
geopolitical,7
salary,7
spokesperson,7
broad,7
computational,7
worker,7
beat,7
network,7
homegrown,7
sink,7
chain,7
urge,7
sort,7
alternative,7
cancel,7
directly,7
april,7
common,7
path,7
mind,7
friday,7
battery,7
suddenly,7
underlie,7
republic,7
serve,6
jump,6
luria,6
undermine,6
sonnet,6
react,6
clever,6
sell,6
remark,6
kr,6
career,6
target,6
mention,6
illustration,6
dangerous,6
quant,6
debut,6
article,6
aware,6
interface,6
rich,6
highlight,6
manager,6
goal,6
commercial,6
maintain,6
weapon,6
clearly,6
scramble,6
slump,6
overnight,6
electronic,6
composite,6
display,6
steal,6
alliance,6
main,6
overtake,6
qiang,6
indeed,6
introduce,6
author,6
impressed,6
environmental,6
li,6
upgrading,6
html,6
southern,6
cheaply,6
correspondent,6
intellectual,6
cultural,6
turing,6
ernie,6
tsar,6
theft,6
definitely,6
spotlight,6
mainland,6
leavitt,6
eventually,6
solution,6
delete,6
creative,6
individual,6
convince,6
matter,6
unauthorised,6
blog,6
wechat,6
javascript,6
daily,6
hour,6
throw,6
steady,6
lawmaker,6
premier,6
satya,6
byd,6
meet,6
direction,6
rattle,6
function,6
contract,6
lower,6
worldwide,6
elsewhere,6
prime,6
health,6
wide,6
night,6
dario,6
dow,6
origin,6
usage,6
body,6
council,6
clock,6
trend,6
agi,6
equivalent,6
influence,6
commerce,6
completely,6
apparent,6
total,6
storm,6
purely,6
identify,6
superpower,6
decide,6
limitation,6
worth,6
accuse,6
trigger,6
choice,6
multibilliondollar,6
vice,6
husic,6
average,6
microchip,6
hot,6
ip,6
unknown,6
wealth,6
voice,6
death,6
november,6
offering,6
phone,6
enforcement,6
globally,6
llms,6
character,6
sorry,6
equal,6
visit,6
skyhigh,6
innovative,6
facebook,6
notion,6
multiple,6
curb,6
valuable,6
campaign,6
foundational,6
oppose,6
thanks,6
alexandr,6
heard,6
huawei,6
ground,6
congress,6
disruptive,6
implement,6
tough,6
adapt,6
alone,6
bit,6
italian,6
cyber,6
defendant,6
billionaire,6
soon,6
someone,6
freely,6
locate,6
reference,6
roll,6
tricky,6
ambition,5
plenty,5
facility,5
comprehensive,5
there,5
tighten,5
nevertheless,5
care,5
suppress,5
transfer,5
lockdown,5
additional,5
manufacturer,5
ft,5
fully,5
oneday,5
theory,5
reuters,5
reasoning,5
playing,5
broader,5
seoul,5
unlikely,5
inside,5
cap,5
nvidias,5
transcript,5
summarise,5
occur,5
jones,5
allegation,5
garante,5
attend,5
m,5
patient,5
longterm,5
jacob,5
trick,5
broadcom,5
democracy,5
industrial,5
succeed,5
recommend,5
smartphone,5
logo,5
solar,5
mit,5
draw,5
chipmaking,5
anxiety,5
creativity,5
freakout,5
stability,5
shoestring,5
journalism,5
abc,5
refuse,5
quarter,5
combine,5
seemingly,5
fundamental,5
chair,5
woman,5
cooperate,5
fossil,5
climate,5
excite,5
movement,5
regard,5
ireland,5
primary,5
fill,5
confidence,5
burke,5
max,5
kill,5
pending,5
qwen,5
july,5
invigorate,5
safe,5
troop,5
respectively,5
san,5
protester,5
sharply,5
skill,5
jim,5
scottish,5
cheaper,5
used,5
quick,5
mile,5
pledge,5
collection,5
vow,5
usually,5
restart,5
critic,5
dramatic,5
whatever,5
regulate,5
victim,5
snoswell,5
assessment,5
mill,5
somewhat,5
increasingly,5
family,5
leading,5
track,5
hang,5
jevons,5
assume,5
commentary,5
cyberattack,5
th,5
arena,5
essential,5
conference,5
breach,5
larry,5
slide,5
recover,5
magnificent,5
largely,5
embargo,5
minute,5
humanity,5
supercomputer,5
ed,5
notable,5
academic,5
enjoy,5
incorporate,5
era,5
basic,5
asset,5
feat,5
relate,5
welcome,5
regulation,5
gas,5
generator,5
us,5
confirm,5
littleknown,5
japan,5
similarly,5
curiosity,5
suit,5
supporter,5
forefront,5
mostly,5
mobile,5
operator,5
original,5
express,5
joke,5
opinion,5
rest,5
aipowered,5
misinformation,5
finish,5
recognise,5
lgbtq,5
felt,5
generally,5
ethical,5
formidable,5
depend,5
institution,5
countrys,5
careful,5
improvement,5
nonetheless,5
heat,5
follower,5
hu,5
hugely,5
essentially,5
pretty,5
edit,5
leap,5
british,5
france,5
super,5
truly,5
highperformance,5
soar,5
surround,5
brand,5
obtain,5
pass,5
election,5
started,5
child,5
yes,5
da,5
reporting,5
football,5
practice,5
contrast,4
mission,4
prof,4
versus,4
copyright,4
factor,4
lutnick,4
colleague,4
winner,4
ok,4
cry,4
journal,4
surveillance,4
shovel,4
extent,4
editor,4
disinformation,4
condemn,4
foreign,4
natural,4
reply,4
whereas,4
shed,4
orbit,4
reflection,4
nationalsecurity,4
exchange,4
mother,4
piece,4
writes,4
startups,4
indias,4
bias,4
calculation,4
licence,4
guard,4
agree,4
jensen,4
violate,4
fellow,4
speaks,4
hamper,4
afp,4
weigh,4
park,4
son,4
texas,4
pace,4
economist,4
wisdom,4
pair,4
rethink,4
coal,4
central,4
co,4
beneficiary,4
heart,4
specialise,4
exceed,4
gesture,4
music,4
nobel,4
everybody,4
queensland,4
initial,4
rocket,4
emotional,4
indepth,4
trust,4
fresh,4
incredible,4
style,4
credit,4
guideline,4
operation,4
region,4
circumvent,4
addition,4
guidance,4
core,4
corp,4
grok,4
titan,4
adoption,4
quantity,4
anybody,4
tokyo,4
differently,4
audit,4
virtual,4
fix,4
contact,4
chance,4
sun,4
expectation,4
jurisdiction,4
feedback,4
geek,4
stockpile,4
shot,4
pool,4
underestimate,4
vehicle,4
seriously,4
pc,4
collaboration,4
newsguard,4
projection,4
windsor,4
unavailable,4
profile,4
advent,4
gift,4
german,4
amass,4
outage,4
moon,4
conflict,4
related,4
wealthy,4
de,4
beijingbased,4
overall,4
cold,4
principle,4
emphasize,4
inseparable,4
politics,4
boy,4
six,4
tony,4
edition,4
outline,4
deepseekv,4
invite,4
kass,4
sundar,4
strategic,4
vital,4
squeeze,4
pichai,4
added,4
immense,4
scenario,4
briefly,4
advocate,4
together,4
pivotal,4
cryptocom,4
illegal,4
kalshi,4
dismiss,4
replace,4
fire,4
sullivan,4
equity,4
crush,4
direct,4
miss,4
flee,4
involve,4
buzz,4
peer,4
property,4
site,4
understanding,4
promote,4
karoline,4
territory,4
travel,4
food,4
helpful,4
copycat,4
advantest,4
behemoth,4
active,4
extraordinary,4
kick,4
sunday,4
explore,4
dent,4
kimi,4
front,4
freedom,4
domestically,4
claimed,4
society,4
chancellor,4
dynamic,4
worried,4
authoritarian,4
towards,4
clean,4
vast,4
outcome,4
hk,4
throughout,4
rivalry,4
remember,4
prodemocracy,4
albanese,4
spook,4
doubao,4
japanese,4
extremely,4
suppose,4
effectively,4
lie,4
anytime,4
essence,4
schuman,4
reading,4
art,4
rate,4
meaning,4
innovator,4
strike,4
mobileapp,4
intelligent,4
embrace,4
ellison,4
black,4
bubble,4
correct,4
£m,4
ais,4
quantitative,4
bear,4
buying,4
trial,4
underpin,4
hope,4
logic,4
thinking,4
newly,4
period,4
concerned,4
explanation,4
omini,4
dub,4
inspire,4
size,4
approve,4
flag,4
barrier,4
adopt,4
criticize,4
largelanguage,4
specific,4
disappear,4
client,4
frenzy,4
proactive,4
straight,4
commitment,4
autonomous,4
transparency,4
letter,4
criticism,4
reinforcement,4
corporation,4
staff,4
harvest,4
promising,4
title,4
signal,4
actively,4
friend,4
struggle,4
usual,4
teach,4
dark,4
century,4
quote,3
card,3
obscure,3
rarely,3
reproduce,3
capitalization,3
hansen,3
london,3
doctor,3
paradox,3
asia,3
suggestion,3
thcentury,3
consequence,3
prize,3
abraham,3
phd,3
sceptic,3
efficiently,3
principal,3
legit,3
lawsuit,3
wait,3
mental,3
rare,3
navigate,3
variety,3
agreement,3
reasonable,3
stir,3
broadly,3
hug,3
lesson,3
scepticism,3
separate,3
soes,3
affect,3
false,3
journalist,3
pour,3
basis,3
cognitive,3
importance,3
subsidiary,3
surely,3
phenomenon,3
sharp,3
tim,3
smartphones,3
decrease,3
peter,3
fine,3
command,3
imagine,3
roil,3
okay,3
prowess,3
macron,3
diffusion,3
ally,3
occupy,3
closer,3
godfather,3
socalled,3
relevant,3
planning,3
tax,3
room,3
optimism,3
chairman,3
hall,3
drug,3
shortage,3
learning,3
hire,3
reshape,3
vision,3
strategist,3
bletchley,3
guest,3
vance,3
shanghai,3
guangdong,3
bite,3
tremor,3
biological,3
sea,3
boast,3
surprisingly,3
tweak,3
ready,3
existential,3
jd,3
god,3
mainly,3
relation,3
higher,3
analogy,3
deceptive,3
nan,3
germany,3
feed,3
costly,3
constrain,3
disruption,3
thoroughly,3
gdp,3
stem,3
appreciate,3
avoid,3
factory,3
zuckerman,3
mike,3
influential,3
primarily,3
ancient,3
rome,3
luckey,3
theres,3
rednote,3
wooldridge,3
thank,3
divide,3
guy,3
paul,3
finetuning,3
obvious,3
gather,3
foundation,3
tear,3
unexpected,3
stride,3
situation,3
physical,3
raw,3
touch,3
stress,3
genai,3
stack,3
whenever,3
shi,3
entirely,3
iteration,3
leverage,3
scrappy,3
bowl,3
brief,3
employ,3
panel,3
specialist,3
award,3
border,3
overreaction,3
aggressive,3
countermeasure,3
sensation,3
gauge,3
lay,3
investigation,3
labs,3
alan,3
famous,3
relative,3
andrej,3
karpathy,3
hallucination,3
caught,3
frontiergrade,3
florida,3
conclusion,3
fox,3
nurture,3
ev,3
import,3
leapfrog,3
aim,3
earth,3
academy,3
smarter,3
inspector,3
appoint,3
extensive,3
talented,3
guardrail,3
thirdparty,3
precise,3
agentic,3
horse,3
refers,3
integral,3
heap,3
soldier,3
obsession,3
asked,3
auto,3
allen,3
fashion,3
monica,3
emission,3
near,3
girl,3
moat,3
police,3
wider,3
cash,3
farright,3
leadingedge,3
ibm,3
recruitment,3
surprised,3
invention,3
ingenuity,3
hightech,3
flaw,3
grip,3
appeal,3
assess,3
boundary,3
reel,3
politician,3
tunstall,3
burst,3
memory,3
opposite,3
drawn,3
developed,3
copilot,3
algorithm,3
log,3
paradigm,3
merely,3
neither,3
persecution,3
punish,3
reserve,3
rout,3
sheehan,3
strain,3
shortly,3
socialmedia,3
monitor,3
artificialintelligence,3
willing,3
nowhere,3
trouble,3
outperforms,3
provoke,3
precisely,3
h,3
graham,3
sachs,3
speculation,3
september,3
distribute,3
reopen,3
dell,3
dutch,3
specialized,3
spite,3
celtic,3
asml,3
officially,3
richard,3
inquiry,3
publication,3
kenny,3
accurately,3
shop,3
robert,3
strength,3
godwinthe,3
martin,3
racist,3
genie,3
reduction,3
electron,3
mansted,3
watcher,3
uptodate,3
etzioni,3
hobby,3
bankroll,3
osmani,3
bank,3
goldman,3
impress,3
inference,3
keystroke,3
hesitate,3
tiny,3
violation,3
finally,3
exploit,3
tip,3
crack,3
awkward,3
subsequent,3
reeducation,3
massively,3
ten,3
allegedly,3
camp,3
climb,3
algorithms,3
sometimes,3
presidential,3
discover,3
rife,3
input,3
handful,3
umbrella,3
nearmonopoly,3
split,3
xinjiang,3
telephone,3
ultimate,3
mount,3
chaos,3
tibetan,3
engage,3
circle,3
transform,3
utility,3
resilience,3
motherland,3
anyway,3
symbol,3
indicate,3
effectiveness,3
inevitably,3
treatment,3
overview,3
breakdown,3
historical,3
unresolved,3
regional,3
overly,3
prestigious,3
playbook,3
eu,3
toy,3
abuse,3
spew,3
separatist,3
prone,3
usbased,3
superiority,3
proposal,3
suppression,3
namesake,3
happy,3
register,3
writer,3
propose,3
opensourced,3
nasa,3
wire,3
excellent,3
ng,3
socialist,3
short,3
saturday,3
component,3
processor,3
mathematical,3
stateoftheart,3
audio,3
joão,3
silva,3
stunning,3
taboo,3
absolute,3
aura,3
rd,3
diversity,3
thus,3
rock,3
choose,3
tremendous,3
winniethepooh,3
dramatically,3
invincibility,3
partly,3
pick,3
corner,3
army,3
cant,3
superintelligent,3
update,3
becomes,3
dw,3
workplace,3
riverside,3
undercut,3
episode,3
bright,3
onechina,3
justify,3
summer,3
recruit,3
provider,3
accessibility,3
rollout,3
linkedin,3
chase,3
capitalisation,3
problematic,3
historic,3
nonpolitical,3
extend,3
surface,3
immediate,3
liter,3
constellation,3
darling,3
dozen,3
cool,3
micron,3
mandatory,3
irony,3
rip,3
funding,3
attribute,3
basically,3
facto,3
commentator,3
diplomatic,3
gold,3
lag,3
acemoglu,3
evade,3
jeff,3
stuff,3
prc,3
draft,3
locally,3
verify,3
integrate,3
mere,3
shut,3
restore,3
ingredient,3
option,3
lerner,3
appetite,3
telecommunication,3
told,3
dissent,3
pump,3
premium,3
onto,3
retain,3
manner,3
wont,3
ramp,2
responds,2
faithfull,2
harry,2
scaling,2
dilemma,2
conservative,2
stateowned,2
tend,2
sovereignty,2
champion,2
ramaswamy,2
sums,2
giuseppe,2
privately,2
malik,2
unvaccinated,2
ownership,2
nam,2
endorse,2
superior,2
uyghurs,2
topoftheline,2
spectacular,2
outlay,2
introduction,2
muslim,2
uyghur,2
brute,2
switch,2
advertise,2
hefty,2
lease,2
firing,2
photopicture,2
wrap,2
following,2
desantis,2
condemnation,2
turf,2
underpowered,2
frankly,2
yang,2
uptake,2
futile,2
kassabgi,2
resistance,2
successfully,2
selfimproving,2
afd,2
affiliate,2
nationwide,2
mass,2
unchecked,2
iconic,2
gpu,2
threatens,2
radically,2
eye,2
worldleading,2
midweek,2
mui,2
reassurance,2
gregory,2
costsaving,2
automate,2
consumerfocused,2
murder,2
widen,2
kid,2
firepower,2
independence,2
phrase,2
ride,2
openly,2
section,2
kyle,2
align,2
uploaded,2
sydney,2
marina,2
expenditure,2
dublin,2
zerocovid,2
conduct,2
zero,2
ruminate,2
screed,2
jacobsen,2
joint,2
atlassian,2
oxford,2
calculus,2
motivate,2
australias,2
ascent,2
grown,2
neutral,2
incentivizing,2
height,2
gene,2
prioritise,2
committee,2
activate,2
munster,2
vastly,2
financials,2
tackle,2
vie,2
respect,2
jimmy,2
hello,2
storage,2
strict,2
summary,2
selfcensorship,2
wary,2
representation,2
punch,2
acquire,2
selling,2
bar,2
scratch,2
volatility,2
nansha,2
jinpings,2
strongly,2
perception,2
camera,2
lots,2
vicepresident,2
affordable,2
intelligencepowered,2
marianne,2
peak,2
scott,2
mess,2
rollouts,2
discus,2
tsarynny,2
weiwei,2
artist,2
blacklist,2
stage,2
canada,2
enthusiasm,2
emulate,2
trajectory,2
inspiration,2
datacenter,2
economically,2
horizon,2
resume,2
strange,2
astonish,2
mine,2
confident,2
peace,2
inalienable,2
repeat,2
obligation,2
citizens,2
shall,2
podcast,2
flip,2
abroad,2
stake,2
ambitious,2
discourage,2
suffer,2
limelight,2
increased,2
effective,2
telstra,2
encourage,2
uc,2
north,2
bezos,2
cybercx,2
quarterly,2
inclusion,2
wellbeing,2
vaccine,2
brian,2
proud,2
slogan,2
liverpool,2
analytical,2
helpfully,2
astound,2
club,2
ignore,2
overcome,2
curbs,2
hao,2
karen,2
legend,2
alice,2
eliminate,2
approached,2
disclose,2
larsson,2
latter,2
closed,2
desktop,2
proof,2
mogul,2
franciscobased,2
king,2
compensate,2
tycoon,2
proponent,2
rejuvenation,2
format,2
touchy,2
gathering,2
birth,2
constantly,2
relentless,2
roadmap,2
legitimately,2
taiwanese,2
efficacy,2
upended,2
celebrate,2
autonomy,2
fairly,2
freak,2
stymie,2
crypto,2
transportation,2
envision,2
robotics,2
date,2
paragraph,2
shortterm,2
salt,2
fifth,2
wedbush,2
fraser,2
assistance,2
dalglish,2
district,2
famed,2
forbes,2
recognize,2
fortune,2
star,2
curious,2
struck,2
evoke,2
passion,2
nuanced,2
teacher,2
xiaomi,2
trip,2
framework,2
regulatory,2
magnitude,2
siemens,2
predecessor,2
golden,2
exact,2
interactive,2
xijin,2
duncan,2
cooperation,2
myth,2
consultant,2
commodity,2
cftc,2
burgeon,2
officer,2
damage,2
luna,2
upstart,2
amuse,2
mandate,2
paint,2
intend,2
toptier,2
tantesh,2
traditionally,2
democratic,2
medicine,2
campus,2
prohibit,2
standpoint,2
cctv,2
tools,2
owe,2
possibly,2
brainstorm,2
installation,2
sweeping,2
neatly,2
radical,2
bought,2
intent,2
controversial,2
crazy,2
repercussion,2
none,2
affirm,2
calm,2
therapy,2
tester,2
kelly,2
stepbystep,2
eyewatering,2
impossible,2
historically,2
desire,2
construction,2
disrupt,2
extreme,2
temperature,2
consult,2
hubei,2
material,2
contender,2
exclusive,2
dump,2
optimistic,2
anticipate,2
heating,2
extra,2
domination,2
transparent,2
practical,2
conclude,2
shook,2
baby,2
stateless,2
coauthored,2
diego,2
modern,2
described,2
wind,2
reflexivity,2
elicit,2
launched,2
tactic,2
movie,2
communication,2
hogan,2
soe,2
fang,2
prohibitively,2
hegseth,2
defense,2
threw,2
senate,2
slowdown,2
sette,2
pentagon,2
disorder,2
depression,2
appstore,2
allay,2
sonnenfeld,2
background,2
ive,2
heavy,2
highpower,2
shenzhen,2
john,2
globe,2
annual,2
traditional,2
ranking,2
headquarter,2
unemployment,2
court,2
boon,2
broker,2
likeness,2
successor,2
distant,2
comfort,2
foster,2
sora,2
monthly,2
professional,2
jintao,2
nervous,2
secondrate,2
modest,2
counselling,2
counsellor,2
deeply,2
void,2
digest,2
population,2
grandmother,2
skyrocket,2
robot,2
sorrow,2
sentiment,2
willingness,2
consequently,2
yonhap,2
frame,2
anchor,2
check,2
seng,2
adam,2
occasional,2
scheme,2
soul,2
tale,2
tailspin,2
spit,2
cobra,2
gleeking,2
craze,2
town,2
fee,2
asian,2
factual,2
im,2
weitz,2
compose,2
wuhan,2
amend,2
reform,2
habit,2
structure,2
illustrate,2
behaviour,2
meant,2
youre,2
ongoing,2
external,2
shockingly,2
landmark,2
legislation,2
salute,2
democrat,2
unless,2
reich,2
armstrong,2
gottheimer,2
differ,2
aioriented,2
platforms,2
unacceptable,2
pause,2
cake,2
republican,2
slice,2
ruin,2
didnt,2
directive,2
qualcomm,2
embed,2
walk,2
choi,2
koreas,2
technically,2
responsible,2
defined,2
chinabased,2
deprive,2
hardly,2
decisive,2
counterparts,2
wow,2
bell,2
problemsolving,2
investigating,2
terrorist,2
location,2
occasionally,2
massivescale,2
stoke,2
treat,2
carefully,2
bernstein,2
straightforward,2
reveals,2
highperforming,2
ascend,2
telecom,2
neurosis,2
spain,2
class,2
disposal,2
christmas,2
swagger,2
destroy,2
exhibit,2
percentage,2
vulnerable,2
strengthen,2
viability,2
cieslak,2
gina,2
typical,2
substack,2
verge,2
truist,2
lowerend,2
happens,2
tiger,2
subscription,2
spell,2
grasp,2
actor,2
hinton,2
funnel,2
restrictive,2
fantasy,2
ideas,2
deem,2
firewall,2
gary,2
marcus,2
harness,2
cofounded,2
temporary,2
reliable,2
api,2
designer,2
openness,2
altogether,2
nonresponse,2
exaggerate,2
zoom,2
fish,2
inc,2
stone,2
huanfang,2
statistic,2
fete,2
tumult,2
oval,2
analyze,2
mistake,2
remarkable,2
transformation,2
secondlargest,2
exporter,2
circulate,2
unseat,2
grab,2
destiny,2
proprietary,2
confidential,2
basement,2
statelinked,2
renewables,2
recording,2
olcott,2
confirmation,2
naturally,2
datajacked,2
college,2
cook,2
dalle,2
perceive,2
hurt,2
electricityhungry,2
chatgptlike,2
flash,2
reuse,2
viral,2
feng,2
light,2
yoshua,2
knock,2
door,2
cryptocurrency,2
contend,2
sophisticated,2
masayoshi,2
wedge,2
canadian,2
wouldnt,2
palais,2
electrical,2
grand,2
datacentres,2
dame,2
wendy,2
oil,2
simulate,2
energyhungry,2
saxo,2
normal,2
exceeds,2
minimise,2
poll,2
defend,2
consume,2
whine,2
emmanuel,2
french,2
crown,2
singleday,2
stretch,2
excuse,2
opponent,2
evolve,2
setting,2
adversary,2
conventional,2
skeptic,2
carmaker,2
disease,2
electrify,2
pacific,2
unite,2
breath,2
theyre,2
palmer,2
barely,2
wood,2
useful,2
balsa,2
jake,2
hide,2
bed,2
lamborghini,2
theoretically,2
overlap,2
severe,2
powerhungry,2
equally,2
closest,2
omdia,2
su,2
zihan,2
jye,2
dig,2
lian,2
planet,2
heck,2
translation,2
overturn,2
nonanswers,2
electronics,2
namely,2
everywhere,2
advise,2
st,2
plausible,2
drink,2
upward,2
bold,2
nominee,2
howard,2
starmer,2
suggesting,2
lean,2
rachel,2
prospect,2
domingo,2
whackamole,2
skeptical,2
bona,2
originally,2
impinge,2
serial,2
reeve,2
venturebeat,2
strictly,2
aifocused,2
governmentwide,2
californiabased,2
tens,2
advisory,2
fide,2
nvda,2
weil,2
americanmade,2
hub,2
bottle,2
controversy,2
william,2
regime,2
concrete,2
mediocre,2
hopefully,2
hawk,2
nikkei,2
hungry,2
speculative,2
hinge,2
modi,2
symposium,2
bindra,2
matteo,2
stagger,2
challenger,2
throne,2
truthfulness,2
incite,2
ultrapowerful,2
grant,2
incredibly,2
americans—including,2
vibrancy,2
industry—appear,2
stanford,2
harmless,2
youll,2
genuine,2
marketplace,2
borgesrey,2
frontrunner,2
crucial,2
democratic—in,2
stunt,2
dream,2
angela,2
vest,2
cursory,2
users—is,2
gdpr,2
continued,2
busy,2
love,2
overblown,2
interaction,2
eleanor,2
browse,2
uncertain,2
guardrails,2
objective,2
permissive,2
datasets,2
aspiration,2
magazine,2
highquality,2
tinker,2
phds,2
airelated,2
laud,2
outspoken,2
blue,2
nimble,2
wish,2
gobsmacking,2
pm,2
tsmc,2
millennial,2
truth,2
collapse,2
luxury,2
counter,2
abundant,2
cat,2
dragged,2
whale,2
publicity,2
applaud,2
perplexity,2
cyberattacks,2
whats,2
overspend,2
keith,2
fame,2
buoy,2
laboratory,2
inevitable,2
quietly,2
overseen,2
veteran,2
synthetic,2
excitement,2
albeit,2
wei,2
yann,2
academia,2
lecun,2
structural,2
unusual,2
aside,2
groundbreaking,2
glimpse,2
newcomer,2
dan,2
session,2
unmatched,2
upgrade,2
rivalled,2
notably,2
table,2
chinesemade,2
flagship,2
token,2
independently,2
capture,2
ubiquitous,2
flurry,2
counterpoint,2
hunyuan,2
count,2
tenth,2
governmentindustryacademia,2
ferocious,2
trilliondollar,2
chatgptmaker,2
heel,2
algorithmic,2
googl,2
preference,2
stumble,2
explode,2
earthquake,2
gil,2
selfreliance,2
analyse,2
automation,2
twice,2
marvell,2
websites,2
examination,2
nascent,2
error,2
estate,2
autonomously,2
overstate,2
except,2
techfocused,2
shutterstock,2
cheer,2
columnist,2
inappropriate,2
shore,2
overvalue,2
lake,2
simon,2
hypothesis,2
seat,2
deny,2
experimentation,2
bbcs,2
intuitive,2
tension,2
facilitate,2
traffic,2
geopolitics,2
insists,2
sum,2
doubts,2
financially,2
tendency,2
hasnt,2
correctly,2
trail,2
evening,2
oh,2
maths,2
prominence,2
kobeissi,2
bomb,2
degree,2
davidson,2
click,2
overtook,2
loud,2
crowd,2
unfazed,2
secret,2
insider,2
tweet,2
jan,2
snowflake,2
sir,2
button,2
javidi,2
commoditised,2
expose,2
demis,2
emphasis,2
hassabis,2
tsinghua,2
thereby,2
loyalty,2
remind,2
negative,2
blackmail,1
red,1
submission,1
darkest,1
deepfake,1
realworld,1
regain,1
winston,1
finalise,1
deepfakes,1
heighten,1
churchill,1
pornographic,1
buck,1
define,1
disco,1
csi,1
abstract,1
compile,1
wideranging,1
contentious,1
crash,1
precision,1
adjusts,1
vulnerability,1
weeklyletterstheguardiancom,1
citationweighted,1
prudent,1
resist,1
slightly,1
booth,1
novice,1
preside,1
determine,1
kenan,1
gamble,1
pretender,1
exceptional,1
editorialfeedbacktheguardiancom,1
healthy,1
instagram,1
societies,1
afford,1
fatalism,1
loosely,1
gallery,1
noon,1
jailbreak,1
stealth,1
intervention,1
nonexperts,1
tabloid,1
immigration,1
lunchtime,1
closedsource,1
explosive,1
toxin,1
ussoviet,1
chemical,1
misguide,1
interactively,1
wellestablished,1
scams,1
japaneselisted,1
underestimated,1
instruction,1
testament,1
decompose,1
un,1
facing,1
sexual,1
leak,1
imagery,1
easier,1
bioweapon,1
retire,1
highstakes,1
cowinner,1
resolve,1
march,1
tentatively,1
pathogen,1
outpace,1
resilient,1
nominated,1
stagnate,1
suppressed,1
milmo,1
intensive,1
sensor,1
beneficial,1
domain,1
hacker,1
chinesedeveloped,1
geoffrey,1
generalpurpose,1
equip,1
lastminute,1
interim,1
escape,1
disruptors,1
colemanzumapicture,1
aggressively,1
billiondollar,1
technician,1
lifespan,1
hollie,1
shred,1
pushback,1
materialise,1
derive,1
burden,1
geoff,1
passage,1
beneath,1
distort,1
northwest,1
route,1
subsume,1
provenance,1
radiologist,1
prizewinning,1
rightly,1
mystique,1
inferior,1
curtail,1
louise,1
paradoxically,1
democratise,1
imprison,1
veil,1
precious,1
helen,1
miraculous,1
accomplishment,1
portray,1
prophet,1
endow,1
magical,1
workforce,1
richardson,1
bedevil,1
promised,1
arctic,1
topsecret,1
resources—you,1
frustrate,1
colossal,1
nordic,1
acquisition,1
greenland,1
fraudsters,1
daisy,1
touchpoint,1
icebreaker,1
forthcoming,1
reconsider,1
wong,1
collide,1
intertwine,1
yesterday,1
invigorating,1
threats,1
citation,1
ship,1
dim,1
logician,1
stanley,1
sweet,1
televise,1
bryant,1
recitation,1
doubt—so,1
granny,1
miranda,1
expletive,1
megatech,1
universe,1
fullon,1
analogous,1
censoriousness,1
unreliability,1
rating,1
shaking,1
goliath,1
merit,1
sacrifice,1
compel,1
shoulder,1
complain,1
happily,1
parisian,1
vandalism,1
complained,1
undermined,1
belong,1
czar,1
steer,1
hearing,1
renée,1
furthermore,1
formula,1
cleverer,1
zhaohui,1
mansion,1
singleton,1
maximise,1
bridget,1
wiser,1
monbiot,1
wu,1
whisper,1
symptom,1
length,1
honour,1
ding,1
xuexiang,1
george,1
milestone,1
tory,1
labour,1
critically,1
zellweger,1
prison,1
anachronistically,1
borrow,1
momentous,1
mankind,1
neil,1
prestige,1
sustain,1
ussr,1
naomi,1
lancaster,1
catalyse,1
apollo,1
culminate,1
aldrin,1
celestial,1
sponsor,1
chatter,1
mayhem,1
companys,1
banner,1
haefner,1
gallen,1
switzerland,1
misappropriate,1
costefficient,1
crystal,1
van,1
oosterom,1
jail,1
openocean,1
accusation,1
disrespect,1
frequently,1
ethics,1
restate,1
ps,1
liberal,1
unmistakable,1
privilege,1
fraud,1
misuse,1
retaliate,1
enas,1
racism,1
sexism,1
tense,1
opposition,1
sue,1
filing,1
reservation,1
survive,1
insult,1
namecalling,1
vulgarity,1
identity,1
august,1
francisco,1
fuck,1
nurphoto,1
gazabased,1
glaad,1
attends,1
antisemitism,1
bury,1
kraków,1
poland,1
defamation,1
alleges,1
retaliation,1
imply,1
harassment,1
tanteshthe,1
linda,1
yaccarino,1
brett,1
homosexual,1
histrionic,1
teenage,1
semiamusing,1
imposing,1
callum,1
migrant,1
reprieve,1
consist,1
mexico,1
halftime,1
sprinkle,1
charlie,1
orleans,1
philadelphia,1
eagle,1
kansa,1
banker,1
commandeer,1
envelope,1
discrimination,1
timelimited,1
slash,1
malak,1
chocolate,1
veruca,1
contractual,1
filming,1
formal,1
amjed,1
father,1
paperwork,1
motorcycle,1
zygmantshutterstock,1
weidel,1
pursuant,1
induce,1
defame,1
wrongdoing,1
malek,1
proximity,1
kaitlyn,1
inaugurate,1
signups,1
inaugurated,1
lauren,1
sanchez,1
snowdon,1
capitol,1
rotunda,1
shadow,1
ruvićreuters,1
sit,1
striking,1
oligarchy,1
solidarity,1
listener,1
touched,1
diagonally,1
knit,1
dado,1
abused,1
destruction,1
stream,1
tiffany,1
aims,1
acrosstheboard,1
befuddle,1
nonsense,1
reciprocity,1
ton,1
coincide,1
reviewing,1
cup,1
expedient,1
earn,1
tea,1
memecoin,1
melania,1
palm,1
uproar,1
outrage,1
conciliatory,1
arduous,1
rexshutterstock,1
farce,1
propensity,1
twitterx,1
swath,1
pronounce,1
tone,1
ensue,1
glove,1
snidely,1
chime,1
furious,1
trash,1
monumental,1
politico,1
epa,1
reevaluate,1
neonazi,1
beit,1
neonazis,1
ron,1
governor,1
joy,1
gaza,1
northern,1
rally,1
lahia,1
guilt,1
guilty,1
sin,1
greatgrandparents,1
retweeted,1
resign,1
backlash,1
accident,1
characterise,1
emerges,1
congressional,1
midday,1
bonanza,1
superstar,1
replicable,1
repression,1
crime,1
cybernews,1
shattered,1
darkhorse,1
entry,1
retreat,1
proven,1
trumps,1
lowercost,1
chiptesting,1
eastward,1
interpret,1
backer,1
integrity,1
inflate,1
dhrm,1
legacy,1
selectively,1
carter,1
misstate,1
parrot,1
alphago,1
defeat,1
amsterdam,1
prodigy,1
trounce,1
fervor,1
ives,1
backing,1
embodies,1
exhort,1
debtfueled,1
supercomputing,1
gobble,1
green,1
fierce,1
remains,1
benevolent,1
knowhow,1
gmt,1
worldview,1
drag,1
toprated,1
viable,1
vcgmaxppp,1
reverberate,1
highprofile,1
offshoot,1
rebranding,1
rbc,1
lowercapability,1
commercially,1
circumstance,1
somebody,1
radar,1
cfotopicture,1
atop,1
requirement,1
hole,1
upheaval,1
uwe,1
poke,1
sparked,1
hessler,1
connect,1
sixth,1
powered,1
motivation,1
authorised,1
und,1
dubious,1
matthias,1
unfettered,1
balkdpapicture,1
commonly,1
turbulence,1
challenging,1
unchallenged,1
governs,1
oneoff,1
consciousness,1
radio,1
supervision,1
firmly,1
kleinerman,1
jaap,1
arriensnurphotopicture,1
christian,1
sending,1
incentivized,1
seller,1
fuss,1
awe,1
watched,1
trumpet,1
obstacle,1
unreasonable,1
classroom,1
inputted,1
matched,1
roman,1
empire,1
absolutely,1
selfserving,1
turmoil,1
highlevel,1
ross,1
season,1
upbeat,1
burley,1
relentlessly,1
bull,1
partfunded,1
trivial,1
weaponises,1
productivity,1
coercion,1
emergedthe,1
grind,1
erode,1
revoke,1
fold,1
minuscule,1
disadvantageous,1
tied,1
duke,1
rat,1
chen,1
ascendency,1
yiran,1
lowbudget,1
theme,1
energetic,1
vivek,1
exploration,1
sputniklike,1
guarantee,1
deride,1
whim,1
pioneer,1
tiff,1
republicans,1
akin,1
macroeconomic,1
floatingpoint,1
denies,1
politicisation,1
manhattan,1
louisiana,1
datacentre,1
kieran,1
emirati,1
mgx,1
gargantuan,1
plough,1
housing,1
remake,1
narrow,1
onetime,1
turnaround,1
miit,1
safer,1
bond,1
eflops,1
shutter,1
quintillion,1
sank,1
sway,1
concentration,1
entrench,1
compliant,1
reliant,1
forcefully,1
fervent,1
azeem,1
azhar,1
violent,1
answered,1
exaggerated,1
chineseai,1
broadcaster,1
janghyuk,1
daron,1
chairperson,1
reversal,1
swing,1
overreact,1
seouls,1
examine,1
compliance,1
annex,1
consideration,1
shrink,1
clarify,1
muchsought,1
bruno,1
yikes,1
hobble,1
bleedingedge,1
calculate,1
accordingly,1
kirkland,1
signature,1
combined,1
databricks,1
ion,1
smuggle,1
accustom,1
wear,1
bore,1
mixture,1
droughtridden,1
denmark,1
meter,1
occurs,1
cubic,1
withdraw,1
operating,1
kellyreuters,1
arent,1
soapbox,1
random,1
hi,1
earnest,1
footprint,1
vault,1
betterknown,1
caused,1
nearby,1
excess,1
climatefriendly,1
timesensitive,1
daylight,1
southeastern,1
whoa,1
ucc,1
wild,1
cleaner,1
uruguay,1
arizona,1
doesnt,1
anatomy,1
portfolio,1
breed,1
shaolei,1
consumption,1
recreated,1
manufacture,1
fit,1
planetary,1
progression,1
democratized,1
greenhouse,1
blockchain,1
longheld,1
expansion,1
satisfy,1
todays,1
burn,1
lecturer,1
cork,1
cure,1
coupling,1
cancer,1
combat,1
reactor,1
times,1
sunny,1
containment,1
swirl,1
hydroelectric,1
gallon,1
mar,1
stoica,1
unicorn,1
dog,1
phase,1
hesitant,1
milliliter,1
remixed,1
gear,1
connection,1
install,1
shelf,1
democratization,1
folk,1
runaway,1
harm,1
believer,1
superhuman,1
thirsty,1
emit,1
proliferation,1
fork,1
droughtprone,1
recycle,1
mostdownloaded,1
antitrust,1
enforcer,1
incrementally,1
works,1
metaphor,1
canary,1
forget,1
everyday,1
awash,1
confer,1
patience,1
falsehood,1
ugh,1
companywide,1
obtained,1
spendhappy,1
swathe,1
land,1
ftse,1
recognising,1
gerken,1
allude,1
dolphin,1
ashkenazi,1
technologically,1
explosion,1
forever,1
offguard,1
degrees,1
startle,1
fiona,1
brewin,1
cincotta,1
theyve,1
singaporebased,1
explains,1
veysern,1
ling,1
derail,1
banking,1
citi,1
baidus,1
presumably,1
flood,1
experienced,1
released,1
anat,1
ease,1
rainwater,1
spec,1
anke,1
eaten,1
wheel,1
deepseaks,1
durga,1
malladi,1
nottoodistant,1
evolution,1
imaginechinatuchongimago,1
interact,1
efficienthours,1
appearance,1
supplant,1
transcriber,1
transcriptsnytimescom,1
waterconscious,1
publiclylisted,1
schedule,1
liquid,1
closedloop,1
cohost,1
rasper,1
pcs,1
afterhours,1
windows,1
tom,1
drenon,1
priority,1
flashpoint,1
brandon,1
communicate,1
assemble,1
oren,1
uks,1
fastmoving,1
deepmind,1
iphone,1
semianalysis,1
poured,1
impression,1
recipe,1
lewis,1
pivot,1
cofounding,1
introspective,1
defining,1
literally,1
dampen,1
concert,1
changchun,1
supportive,1
impetus,1
contribute,1
islands,1
spratly,1
adina,1
yakefu,1
profoundly,1
costeffective,1
jilin,1
diagnostic,1
copywriting,1
database,1
jinxin,1
southwestern,1
ovulation,1
cycle,1
personalise,1
reunification,1
fertility,1
resolutely,1
doom,1
indisputable,1
lightning,1
consolidate,1
shipment,1
throwaway,1
confirmed,1
monitoring,1
stored,1
affiliated,1
pasquale,1
stanzione,1
ansa,1
irish,1
lawful,1
adjacent,1
condense,1
hoskins,1
yearonyear,1
stirred,1
charlotte,1
handcoding,1
fundamentally,1
collette,1
kress,1
strongest,1
arbiter,1
chengdu,1
nurse,1
petrochina,1
capitalise,1
alicloud,1
hsbc,1
frank,1
inferencing,1
workload,1
upgrades,1
tina,1
seismic,1
brought,1
apocalyptic,1
obsessive,1
dataheavy,1
topend,1
participant,1
interviewer,1
sitins,1
modular,1
motivated,1
momentarily,1
glitch,1
grid,1
sinopec,1
meaningfully,1
elect,1
diagnosis,1
adheres,1
hospitals,1
edward,1
wrong,1
jinan,1
resident,1
rubbish,1
certificate,1
futian,1
administrative,1
alongside,1
heavyweight,1
chuanfu,1
zhengfei,1
jack,1
deployed,1
suffrage,1
motor,1
automaker,1
universal,1
justified,1
territorial,1
paywalling,1
indigenous,1
oxbridgestyle,1
spire,1
bridge,1
tube,1
drivers,1
sufficiently,1
tabletopping,1
daiwa,1
balance,1
fortnight,1
relationship,1
occupation,1
squarely,1
keir,1
fled,1
encouraged,1
tshirts,1
tvs,1
datahungry,1
detach,1
texasbased,1
huaweis,1
marvel,1
coalumnus,1
lau,1
speculate,1
thin,1
lithiumion,1
kwh,1
seventh,1
visible,1
evs,1
concept,1
manufacturing,1
electro,1
threequarters,1
poise,1
selection,1
kelvin,1
annexation,1
twentieth,1
unanswered,1
assert,1
publishes,1
delegate,1
accompany,1
jacobi,1
sina,1
paywalled,1
gyatso,1
substitution,1
tenzin,1
sufficient,1
thenpresident,1
item,1
circuit,1
tanishq,1
caveat,1
baichuan,1
tara,1
codirector,1
apart,1
performs,1
mini,1
execute,1
rui,1
aback,1
humble,1
buddhism,1
selfreflected,1
skew,1
utilised,1
purchase,1
necessitate,1
mystery,1
incorrectly,1
computerdirected,1
ningbo,1
dismissed,1
reproduction,1
minimal,1
suffices,1
chinatalk,1
validate,1
hypothesise,1
linguistic,1
brain,1
weaving,1
humanlike,1
imitate,1
exile,1
learned,1
preface,1
column,1
tome,1
unravels,1
audience,1
pocket,1
decades,1
gpto,1
tamp,1
violates,1
adjust,1
ai—akin,1
regular,1
linux,1
maintains,1
gobs,1
toetotoe,1
janet,1
jiakun,1
mplus,1
backfire,1
impede,1
villasenor,1
ucla,1
arguably,1
counterproductive,1
accidentally,1
up,1
unswayed,1
raymond,1
incites,1
evidently,1
uschina,1
nature,1
abruptly,1
outcompeting,1
attitude,1
tiktok—china,1
hawks,1
creators—and,1
nonus,1
alive,1
instantaneously,1
empowers,1
firms—including,1
microsoft—dropped,1
endangers,1
halfatrilliondollar,1
aiinfrastructure,1
overthrow,1
subvert,1
lobbying,1
intentionally—if,1
behalf,1
today—which,1
james,1
marco,1
rubio,1
seok,1
veracity,1
toughen,1
uneven,1
glare,1
loophole,1
robust,1
flow,1
iterative,1
fireside,1
overwhelm,1
inevitability,1
embark,1
emily,1
consent,1
leshner,1
relies,1
undisclosed,1
heated,1
chaotic,1
repeatedly,1
exuberance,1
skepticism,1
girlfriend,1
hawkish,1
bullet,1
crumble,1
gamechanger,1
guo,1
voluntarily,1
stockpiling,1
potemkin,1
jeffrey,1
insufficiently,1
dean,1
yale,1
relying,1
hoard,1
sputnikstyle,1
pure,1
reliance,1
understands,1
volcano,1
bureau,1
riley,1
grain,1
silver,1
unsurprisingly,1
word—the,1
—basically,1
literature,1
cutprice,1
techweighted,1
fortunes,1
beloved,1
men,1
judge,1
shareholder,1
shareprice,1
net,1
realtime,1
portly,1
tigger,1
zara,1
amancio,1
ortega,1
walmart,1
heir,1
rob,1
walton,1
gate,1
liken,1
meltdown,1
destructive,1
obama,1
reactive,1
totally,1
undermines,1
educate,1
techie,1
financing,1
overturns,1
impactful,1
baseline,1
observation,1
entertain,1
failure,1
lennart,1
heim,1
deployment,1
flagships,1
cratering,1
revise,1
febrile,1
unpredictable,1
detract,1
association,1
mayor,1
rancher,1
been—but,1
workaround,1
alter,1
doomsday,1
netizens,1
stacy,1
rasgon,1
squawk,1
box,1
hs,1
goforward,1
labs—openai,1
deepmind—which,1
wraps,1
researchers—and,1
leaps,1
model—which,1
spill,1
covert,1
opensource—its,1
public—but,1
deepsearch,1
uncertain—some,1
hyperscalers,1
persist,1
barack,1
special,1
meme,1
removal,1
anger,1
leetspeak,1
oppression,1
unidentified,1
lvmh,1
bernard,1
arnault,1
sergey,1
brin,1
andreas,1
swap,1
von,1
bechtolsheim,1
thomas,1
peterffy,1
evaporate,1
nvidiarelated,1
fourthquarter,1
multibillion,1
delegation,1
stoppage,1
kier,1
hundreds,1
fight,1
shortsighted,1
reiterate,1
focused,1
raimondo,1
bringing,1
gasoline,1
fuelefficient,1
diesel,1
tenfoot,1
entitle,1
elevenfoot,1
ladder,1
pat,1
gelsinger,1
intel,1
workarounds,1
limiting,1
maximize,1
universally,1
insurance,1
colony,1
harvard,1
curve,1
isolate,1
reinforce,1
snake,1
deepseekinspired,1
durability,1
exports—a,1
forum,1
davos,1
effusive,1
novelty,1
kingdom,1
existentially,1
vantage,1
unofficial,1
arrange,1
longtime,1
louisvincent,1
gavekal,1
kongbased,1
fifty,1
swiss,1
austin,1
turbocharge,1
triggered,1
sight,1
collectively,1
proximate,1
hitherto,1
competence,1
energised,1
mouth,1
resonance,1
seminal,1
ridicule,1
spout,1
purveyor,1
mainframe,1
offspring,1
et,1
ilk,1
conspiracy,1
theorists,1
unhinge,1
hubristic,1
intrigue,1
youtube,1
definitive,1
overtaken,1
counterargument,1
ample,1
scarcity,1
westerner,1
greatly,1
copy,1
evident,1
railway,1
shenzhenbased,1
producer,1
noted,1
drew,1
strenuously,1
assertion,1
onehundredpercent,1
monopoly,1
policymakers,1
indirect,1
lending,1
wry,1
defy,1
englishlanguage,1
secondhighestranking,1
midnight,1
overdone,1
gotten,1
complacent,1
quiet,1
enters,1
mode,1
correction,1
shun,1
weeklong,1
eve,1
bitcoin,1
festival,1
reunion,1
multimodal,1
januspro,1
billionparameter,1
stable,1
headquarters,1
floor,1
desert,1
cryptocurrencies,1
gev,1
bespectacled,1
chanana,1
bottom,1
outperformance,1
stunner,1
tumultuous,1
meantime,1
entrant,1
discount,1
weak,1
charu,1
renew,1
vernova,1
undervalue,1
rotation,1
nontechnology,1
ceg,1
planned,1
revival,1
vistra,1
vst,1
ge,1
uninvited,1
visitor,1
tried,1
stupid,1
candidate,1
theirselves,1
idiom,1
idle,1
thenus,1
recede,1
bind,1
knew,1
reasonably,1
lucas,1
roosevelt,1
nonprofit,1
civai,1
undertaking,1
comparatively,1
bootstrap,1
linking,1
shuts,1
television,1
footage,1
confidant,1
hat,1
apparatus,1
psyop,1
flank,1
highrise,1
tenant,1
cheapbuthighperforming,1
sceptics,1
digging,1
pedro,1
emeritus,1
postprocessing,1
gross,1
sweden,1
consensus,1
oculus,1
vr,1
label,1
bogus,1
idiot,1
evasion,1
fertile,1
evinces,1
laptop,1
he,1
muñozap,1
replacement,1
lackey,1
interior,1
greenblatt,1
dei,1
reinstates,1
cadet,1
graduation,1
eduardo,1
reinstate,1
rationale,1
gender,1
radicalism,1
transgender,1
froze,1
trans,1
personnel,1
reverse,1
pete,1
narrowly,1
dismissal,1
antidemocratic,1
confederate,1
scmp,1
undertaken,1
canva,1
haymet,1
bunch,1
yearolds,1
damian,1
onethird,1
reinvent,1
broken,1
blatantly,1
msnbc,1
aboard,1
mandel,1
nganafpgetty,1
warning,1
institutional,1
corruption,1
defence,1
hannibal,1
ware,1
vote,1
fasciststyle,1
possesses,1
citizenship,1
mild,1
winter,1
die,1
annually,1
usmexico,1
caroline,1
brehmanepa,1
constitutionally,1
birthright,1
venezuela,1
hotter,1
pregnant,1
born,1
gaspowered,1
clinch,1
vaughanepa,1
backup,1
standby,1
salivaejecting,1
troodgetty,1
outnumber,1
ap,1
segarreuters,1
dna,1
jew,1
nazi,1
jewish,1
cease,1
organization,1
nursing,1
utah,1
hawaii,1
implicate,1
zealand,1
southwest,1
relax,1
visa,1
lure,1
remote,1
tourism,1
stat,1
firefighter,1
wildfire,1
landiras,1
godber,1
lobby,1
hiring,1
doubaopro,1
updated,1
chose,1
aid,1
uplift,1
autoglm,1
alibababacked,1
upgraded,1
attracted,1
echelon,1
texttovideo,1
endowment,1
greet,1
hardtoget,1
vindication,1
unconventional,1
helm,1
mathematician,1
bust,1
jaunty,1
autocratic,1
rude,1
carnegie,1
localise,1
bown,1
cluster,1
genuinely,1
commercialise,1
hunch,1
envisage,1
upsides,1
downside,1
sobering,1
cullerne,1
dystopia,1
matt,1
philip,1
dick,1
essay,1
henry,1
farrell,1
scifi,1
ted,1
chiang,1
la,1
rumble,1
proper,1
intriguing,1
katherine,1
lawyer,1
xianjiang,1
dissenter,1
apologetically,1
unintentionally,1
subversive,1
energyintensive,1
rigorous,1
preferred,1
inclined,1
swaddle,1
lens,1
road,1
telco,1
compromise,1
attorney,1
enquires,1
nbn,1
likewise,1
harmonise,1
brazil,1
embarrass,1
suspicion,1
parse,1
matteroffact,1
soporific,1
pioneering,1
chatgpto,1
amonth,1
tier,1
goodrich,1
rand,1
confess,1
hundredth,1
rug,1
gualtieri,1
forrester,1
considerable,1
oblige,1
bruteforce,1
researchheavy,1
solidify,1
needle,1
constitute,1
chunk,1
nuscale,1
og,1
plow,1
subscriber,1
enhance,1
expertlevel,1
successive,1
intensify,1
konglisted,1
enrapture,1
chosen,1
thirdmost,1
topple,1
aircpbcom,1
tracker,1
originate,1
unspecified,1
swift,1
reinstall,1
foresee,1
gravitate,1
parallel,1
longstanding,1
barrage,1
ustn,1
tantrums,1
finesse,1
valid,1
ridiculous,1
wasteful,1
dead,1
span,1
boundless,1
gobbling,1
shrug,1
chalk,1
fiction,1
thing…,1
ballgame,1
spokeswoman,1
liz,1
bourgeois,1
jordan,1
upending,1
fastevolving,1
explained,1
wales,1
bullish,1
vertiv,1
stateapproved,1
crow,1
valley–slayer,1
mooch,1
tonguetied,1
functionality,1
responses,1
dodge,1
delivers,1
vague,1
governance,1
concur,1
jure,1
replaced,1
outright,1
taiwans,1
multidimensional,1
jinhan,1
lidw,1
considers,1
reunite,1
nationalist,1
energy—to,1
freefall,1
flex,1
stark,1
haemorrhaging,1
palpable,1
silence,1
stunned,1
marked,1
providing,1
subsidise,1
regardless,1
bullishness,1
wealth—not,1
media—books,1
subtitle,1
visual,1
creatives,1
bombard,1
suspicious,1
impressive—about,1
cost—but,1
hack,1
sounder,1
apocalypse,1
oops,1
humanstyle,1
minimum,1
benchmarking,1
berkeley,1
evaluate,1
highestranked,1
clarity,1
businessman,1
classmate,1
californiaheadquartered,1
conversational,1
dethrone,1
plethora,1
emails,1
translate,1
curating,1
inputting,1
mworth,1
usowned,1
multinational,1
enact,1
ios,1
required,1
privatesector,1
costintensive,1
rattling,1
nerve,1
somehow,1
supposedly,1
score,1
pop,1
years﻿,1
evangelist,1
awareness,1
highindemand,1
palantir,1
pave,1
horowitz,1
worldchanging,1
bolster,1
shrank,1
pursues,1
isolationist,1
steep,1
premarket,1
governmentowned,1
hydro,1
ordered,1
doomers,1
clarified,1
besides,1
nayana,1
prakash,1
londonbased,1
chatham,1
nightcap,1
inbox,1
vcs,1
chant,1
blocked,1
bottomless,1
pitch,1
deck,1
icymi,1
tizzy,1
altmans,1
zuckerbergs,1
wildly,1
halftrilliondollar,1
addressed,1
fixable,1
debatable,1
espionage,1
blame,1
password,1
ivan,1
feroot,1
ontariobased,1
hidden,1
builtin,1
cmpassportcom,1
registry,1
operated,1
virtually,1
eddy,1
residence,1
northwestern,1
qatar,1
advertising,1
refinement,1
fin,1
investigated,1
friendship,1
strait,1
custom,1
observe,1
attach,1
seizes,1
eleanorolcott,1
michela,1
tindera,1
mtindera,1
bluesky,1
mtinderaftcom,1
ftcom,1
exfiltrating,1
scarce,1
autumn,1
identified,1
notify,1
imagesafp,1
mimic,1
outperformed,1
jean,1
mackenzie,1
remedy,1
string,1
built,1
deeptech,1
spun,1
upi,1
revolutionise,1
transact,1
scan,1
qr,1
genius,1
deeppocketed,1
restricted,1
lowkey,1
hedgefund,1
mp,1
flyerquant,1
breadth,1
gao,1
huazuo,1
zeng,1
wangding,1
mla,1
lesssophisticated,1
anthony,1
complies,1
sangmok,1
suspension,1
pepsi,1
manipulation,1
soil,1
down,1
guarded,1
aichatbot,1
chatty,1
subjective,1
soft,1
tasty,1
coke,1
reps,1
pro,1
con,1
dissimilar,1
safeguard,1
groan,1
oneyearold,1
indemand,1
hammered,1
orcl,1
shortform,1
posture,1
easily,1
recovery,1
darin,1
lahood,1
illinois,1
josh,1
jersey,1
flyer,1
bipartisan,1
abundantly,1
harmful,1
infiltrate,1
jeopardize,1
inputs,1
nordvpn,1
adrianus,1
warmenhoven,1
emailed,1
suffered,1
whop,1
doubledigit,1
unify,1
migration,1
recommendation,1
dissident,1
minority,1
vocational,1
ethnic,1
detention,1
assimilation,1
torture,1
internment,1
han,1
guanap,1
weiweis,1
widenerap,1
persistent,1
advocacy,1
muzzle,1
constitutional,1
amendment,1
yielded,1
objectivity,1
questionable,1
deleting,1
dual,1
incident,1
tamil,1
insert,1
cuisine,1
thorough,1
desserts,1
dedicate,1
nurturing,1
geography,1
description,1
topography,1
landmarks,1
mountain,1
exception,1
yushan,1
nonstarter,1
liberation,1
quash,1
weekslong,1
peaceful,1
studentled,1
oppressive,1
sphere,1
spiritual,1
deviate,1
religious,1
trifle,1
isnt,1
dismissive,1
unlocking,1
entrepreneurial,1
headstart,1
prasanto,1
roy,1
metric,1
statefunded,1
earmark,1
distinct,1
indian,1
migrate,1
solace,1
jaspreet,1
consultancy,1
literacy,1
indiaspecific,1
hindi,1
marathi,1
ripple,1
nikinamdar,1
inamdar,1
nikhil,1
reject,1
selfruled,1
covidrelated,1
consistently,1
deflected,1
pandemic,1
toll,1
selfdeleting,1
starkly,1
stigma,1
injected,1
ideological,1
messaging,1
balanced,1
selfcensored,1
informative,1
vanish,1
wesley,1
rahn,1
regret,1
inform,1
saliva,1
lookout,1
scrub,1
civilian,1
apologise,1
topics…,1
moderation,1
beautiful…,1
bless,1
surpassed,1
fourth,1
aifueled,1
threatening,1
propel,1
stratospheric,1
revolutionize,1
favorite,1
td,1
cowen,1
finding,1
sustainability,1
fy,1
taipeis,1
tightly,1
showcased,1
converse,1
counsel,1
selfperception,1
oversharer,1
approval,1
empathetic,1
selfawareness,1
eventual,1
affirmation,1
me…,1
thinker,1
italys,1
psychic,1
astrology,1
bbcxiqing,1
psychological,1
kecheng,1
professionals…,1
scrutinise,1
unasked,1
wields,1
fiscal,1
emphasized,1
bespoke,1
allens,1
scholarship,1
partnerships,1
statebacked,1
comprises,1
proudly,1
elite,1
ms,1
idealist,1
thrive,1
zhilin,1
swear,1
kaiming,1
delighted,1
beleaguer,1
brace,1
tiktoks,1
topliked,1
prosperous,1
blend,1
array,1
deliberate,1
wenfung,1
nearterm,1
blowout,1
midterm,1
tap,1
jitter,1
materialized,1
computing,1
bourne,1
emarketer,1
validates,1
falkencrone,1
founding,1
lowergrade,1
pretrained,1
methodology,1
icon,1
screen,1
singapore,1
fumble,1
unimpressed,1
mock,1
specialised,1
emotion,1
oversharing,1
amazed,1
involved,1
profitdriven,1
eschew,1
programmer,1
tonne,1
rumour,1
driven,1
bound,1
stopping,1
personally,1
prefers,1
marketmoving,1
overseas,1
catching,1
controls,1
bishop,1
marketrattling,1
poach,1
listing,1
zhipin,1
schoolfriend,1
researchfocused,1
upset,1
disappointment,1
hunter,1
hitech,1
usussr,1
marketleading,1
westerndeveloped,1
gen,1
crystalise,1
paneuropean,1
stoxx,1
schneider,1
pigeon,1
io,1
reevaluation,1
dr,1
andrew,1
democratised,1
launching,1
demonstrates,1
stockpiled,1
hegemony,1
known,1
congratulate,1
jason,1
tzu,1
allows,1
tribute,1
beautifully,1
guangzhou,1
crisis,1
cryptically,1
poetic,1
shiver,1
existed,1
youve,1
endlessness,1
kuan,1
forgotten,1
vpn,1
pal,1
literary,1
jia,1
friends,1
understood,1
empathise,1
stigmatised,1
unique,1
chord,1
frustration,1
vent,1
lu,1
zhou,1
hongyi,1
qihoo,1
ji,1
wukong,1
fate,1
prolonged,1
logs,1
breakout,1
resonate,1
withhold,1
excel,1
formulas,1
workout,1
pride,1
disillusioned,1
sluggish,1
shrunk,1
timeaccurate,1
shakespearean,1
balk,1
kunlunxin,1
pack,1
onetenth,1
neural,1
defies,1
round,1
moore,1
thread,1
tencentbacked,1
enflame,1
hygon,1
vaguely,1
lenovo,1
geely,1
largemodel,1
mature,1
topping,1
catapult,1
bottleneck,1
port,1
architectures,1
allowance,1
biometric,1
catastrophic,1
pointing,1
hive,1
creatively,1
utopian,1
ironfisted,1
chinacentric,1
prochina,1
aaron,1
accountability,1
arise,1
behavior,1
facial,1
fabricate,1
gun,1
mechanism,1
hate,1
behave,1
divest,1
rhythms,1
uniquely,1
fingerprint,1
lowlevel,1
linghao,1
bao,1
better,1
neff,1
minderoo,1
cambridge,1
vacuum,1
southampton,1
realise,1
reckon,1
coast,1
dialogue,1
spy,1
trivium,1
bid,1
bloc,1
pas,1
shifting,1
narendra,1
attendance,1
defensive,1
absent,1
undoubtedly,1
outofreach,1
pole,1
superviral,1
superefficient,1
rampup,1
absence,1
banned,1
imposed,1
blanket,1
zoe,1
kleinman,1
zsk,1
prepare,1
sumptuous,1
backdrop,1
representative,1
boss,1
twoday,1
rapidlyevolving,1
hugelydisruptive,1
agenda,1
breathe,1
everyones,1
isaac,1
accurate,1
violating,1
passable,1
rebellious,1
streak,1
photorealistic,1
piano,1
courtroom,1
handcuff,1
muchtouted,1
humour,1
roast,1
banter,1
metre,1
hell,1
competent,1
equation,1
interesting,1
bots,1
inability,1
depict,1
incorrect,1
schoolchild,1
xai,1
doublechecking,1
analytics,1
gentle,1
prepares,1
tweaking,1
rhyme,1
melancholic,1
dread,1
iambic,1
pentameter,1
bard,1
pray,1
newborn,1
reader,1
l,1
realm,1
devour,1
sophisticate,1
poem,1
governmentbacked,1
chinarelated,1
fails,1
parsing,1
benign,1
doublecheck,1
degrade,1
erosion,1
brutally,1
gregorian,1
calendar,1
quell,1
counterrevolutionary,1
riot,1
apologize,1
patten,1
imposition,1
civil,1
nonsensical,1
liberty,1
suggests,1
prior,1
stance,1
diverse,1
dataset,1
crossreferencing,1
dimension,1
reliability,1
urgency,1
narratives,1
routinely,1
cross,1
east,1
driver,1
ponder,1
tune,1
differentiate,1
surprising,1
fluency,1
jolt,1
physic,1
applicant,1
speedy,1
shatter,1
confront,1
summarize,1
veer,1
moderate,1
aspect,1
tight,1
populous,1
reducedcapability,1
spree,1
salivary,1
glad,1
pullback,1
upside,1
validation,1
underlying,1
gatekeeping,1
vibrant,1
eric,1
schmidt,1
oped,1
democratize,1
buildout,1
breathless,1
arrive,1
unassuming,1
wonky,1
substitute,1
horsepower,1
disbelief,1
cheat,1
fudge,1
anymore,1
unwind,1
stash,1
reacts,1
reputable,1
imperial,1
museum,1
steam,1
realization,1
evermore,1
zack,1
gotomarket,1
suck,1
upcoming,1
timeline,1
coming,1
eyebrow,1
malfeasance,1
lit,1
juice,1
proficient,1
marginally,1
worthwhile,1
sped,1
hiding,1
illicit,1
deekseek,1
ordinary,1
businessschool,1
clayton,1
christensen,1
shallow,1
wager,1
lesser,1
committed,1
gpus—or,1
it—,1
goodenough,1
good—at,1
interchangeable,1
commoditized,1
complied,1
fewer,1
humanlevel,1
costtoperformance,1
ratio,1
noise,1
cheery,1
angle,1
startlingly,1
reskinning,1
enormously,1
drove,1
shaved,1
nvidia—which,1
quadruple,1
gpu—us,1
disclosure,1
simpler,1
unconcerned,1
bounce,1
profitable,1
performance—results,1
implicitly,1
space—many,1
partners—continuing,1
indefinitely,1
reminder,1
solid,1
accuracy,1
develop—though,1
powerfulenough,1
synopsis,1
ferdinand,1
franz,1
tease,1
spoil,1
bevy,1
cashflush,1
fastgrowing,1
microsoftbacked,1
expo,1
haikou,1
hainan,1
xinhua,1
hinder,1
entertainment,1
escalate,1
spin,1
trn,1
ailinked,1
permission,1
publisher,1
unnamed,1
distill,1
lionel,1
techsavvy,1
longawaited,1
archduke,1
properly,1
gland,1
tongue,1
inboxes,1
weekday,1
subscribe,1
newsletterstheguardiancom,1
imran,1
rahmanjones,1
communicating,1
shoot,1
videomaking,1
sits,1
pulled,1
pipc,1
supreme,1
uphold,1
resolution,1
exercise,1
yuxiang,1
eager,1
bonaventureafpgetty,1
v,1
scotland,1
potter,1
chrome,1
anthropics,1
hybrid,1
postman,1
adventure,1
oliver,1
mysterious,1
orchestra,1
alien,1
roald,1
companion,1
dahl,1
refine,1
flourish,1
comprise,1
milo,1
wasnt,1
iwm,1
somme,1
assassination,1
addy,1
echoed,1
coder,1
specialises,1
summarised,1
nonscottish,1
ranger,1
laudrup,1
danish,1
henrik,1
swedish,1
laudrups,1
nationality,1
succinct,1
chatgpts,1
timeless,1
fun,1
bestknown,1
couldnt,1
faithful,1
javier,1
aguirre,1
samsung,1
excited,1
internal,1
considerably,1
prick,1
capitalism,1
bake,1
sideline,1
cassandra,1
malign,1
godparent,1
sleep,1
beauty,1
regrettably,1
hashtag,1
risktaking,1
proclaim,1
hashtags,1
visionary,1
usher,1
engineerturnedentrepreneur,1
battleground,1
pricetag,1
stringent,1
mirror,1
handout,1
heroic,1
undemocratic,1
rid,1
postdemocratic,1
bros,1
syphilis,1
ebola,1
menu,1
impotent,1
optionfree,1
listen,1
gazillionaires,1
subsidy,1
countless,1
abandon,1
gibber,1
obligingly,1
galloway,1
numerous,1
occasion,1
welfare,1
queen,1
stalk,1
ethos,1
triumphant,1
yicai,1
ahmed,1
upwards,1
insight,1
levelsfyi,1
declares,1
devotion,1
farreaching,1
likes,1
performancecost,1
expenditures,1
khan,1
nerdy,1
morningstar,1
leveraged,1
betterthanexpected,1
graph,1
megacap,1
obsolete,1
montrealbased,1
bca,1
faith,1
collaborative,1
strengths,1
doctorate,1
led,1
recall,1
terrible,1
haircut,1
undergraduate,1
basketball,1
court–sized,1
revamp,1
twoyear,1
originality,1
imitation,1
coincides,1
winddown,1
heavyhanded,1
reassert,1
cohort,1
cultivate,1
difficulty,1
hardcore,1
collective,1
screw,1
screwed,1
chatbotstyle,1
schmuck,1
oooooooooh,1
dumb,1
baron,1
belatedly,1
claw,1
crawl,1
grist,1
bastard,1
organism,1
screamingly,1
nose,1
preposterous,1
hypocrite,1
edgelord,1
overlord,1
honestly,1
superirritant,1
physically,1
resembles,1
audition,1
ran,1
hanky,1
cosied,1
richest,1
monetisation,1
gradually,1
contributor,1
freeriding,1
timing,1
voraciously,1
trader,1
pickax,1
bucket,1
sideways,1
havoc,1
threshold,1
pursue,1
imminent,1
dumbest,1
criminal,1
cop,1
wet,1
pant,1
sharepriceslashing,1
perfect,1
puppyeyed,1
loner,1
dealer,1
needless,1
caesar,1
actual,1
cabinet,1
film,1
bulgingeyed,1
logan,1
youtubers,1
podcasters,1
boxer,1
trophy,1
comic,1
pleasures,1
nerd,1
wedgie,1
weird,1
sideeffect,1
wedgers,1
ala,1
horrormoguls,1
thoughtprovoking,1
fascinating,1
fart,1
freebie,1
funny,1
guess,1
living,1
script,1
hose,1
scrap,1
unsolved,1
ah,1
journey,1
chill,1
crass,1
industrialists,1
gladly,1
popped,1
chancellery,1
skim,1
root,1
airport,1
bookshop,1
tower,1
